hindi word	english translation	type	gender	examples	image	audio.mp3	category	subcategory	is_translit	primary?
किताब	the book	noun	fem	वह लड़का उद्यान में किताब पढ़ रहा है|; The boy is reading a book in the park.; इलैक्ट्रानिक किताब; electronic book		audio_0.mp3	Duolinguo	Unit 1		primary word
यह	this	pronoun				audio_1.mp3	Duolinguo			primary word
है	(he/she) is	verb				audio_2.mp3	Duolinguo			word form
सेब	the apple	noun				audio_3.mp3	Duolinguo			primary word
और 	and	conjunction				audio_4.mp3	Duolinguo			primary word
औरत 	the woman	noun				audio_5.mp3	Duolinguo			primary word
आदमी 	the man	noun				audio_6.mp3	Duolinguo			primary word
ठीक 	fine	adjective				audio_7.mp3	Duolinguo			primary word
हूँ 	(I) am	verb				audio_8.mp3	Duolinguo			word form
लड़की 	the girl	noun				audio_9.mp3	Duolinguo			primary word
मैं 	I	pronoun				audio_10.mp3	Duolinguo			primary word
लड़का 	the boy	noun				audio_11.mp3	Duolinguo			primary word
खाता 	(he) eats	verb				audio_12.mp3	Duolinguo			word form
पढ़ता 	(he) studies	verb				audio_13.mp3	Duolinguo			word form
पीता 	(he) drinks	verb				audio_14.mp3	Duolinguo			word form
पानी 	the water	noun				audio_15.mp3	Duolinguo			primary word
केला 	the banana	noun				audio_16.mp3	Duolinguo			primary word
चाय 	the tea	noun				audio_17.mp3	Duolinguo			primary word
हाँ 	yes	other				audio_18.mp3	Duolinguo			primary word
नमस्ते 	hello	other				audio_19.mp3	Duolinguo			primary word
धन्येवाद 	thank you	other				audio_20.mp3	Duolinguo			primary word
नहीं 	no	other				audio_21.mp3	Duolinguo			primary word
तू 	you (informal)	pronoun				audio_22.mp3	Duolinguo			primary word
कौन 	who	pronoun				audio_23.mp3	Duolinguo			primary word
क्या 	what	pronoun				audio_24.mp3	Duolinguo			primary word
ये 	these	pronoun				audio_25.mp3	Duolinguo			primary word
हैं 	(they) are	verb				audio_26.mp3	Duolinguo			word form
तीन 	three	numeral				audio_27.mp3	Duolinguo			primary word
औरतें 	the women	noun				audio_28.mp3	Duolinguo			word form
वे 	those, they	pronoun				audio_29.mp3	Duolinguo			primary word
दो 	two	numeral				audio_30.mp3	Duolinguo			primary word
हो 	(you, formal 1) are	verb				audio_31.mp3	Duolinguo			word form
हम 	we	pronoun				audio_32.mp3	Duolinguo			primary word
तुम 	you (formal 1)	pronoun				audio_33.mp3	Duolinguo			primary word
केले 	the bananas	noun				audio_34.mp3	Duolinguo			word form
किताबें 	books	noun				audio_35.mp3	Duolinguo			word form
लड़के 	boys	noun				audio_36.mp3	Duolinguo			word form
लड़कियाँ 	girls	noun				audio_37.mp3	Duolinguo			word form
भारत 	India	noun				audio_38.mp3	Duolinguo			primary word
में 	in	preposition				audio_39.mp3	Duolinguo			primary word
से 	from	preposition				audio_40.mp3	Duolinguo			primary word
अमेरिका 	America	noun				audio_41.mp3	Duolinguo			primary word
रहता 	(he) lives	verb				audio_42.mp3	Duolinguo			word form
तेरा 	your (informal)	pronoun				audio_43.mp3	Duolinguo			primary word
उसका 	hers, his	pronoun				audio_44.mp3	Duolinguo			primary word
नाम 	the name	noun				audio_45.mp3	Duolinguo			primary word
घर 	the home	noun				audio_46.mp3	Duolinguo			primary word
मेरा 	my	pronoun				audio_47.mp3	Duolinguo			primary word
हर 	every	pronoun				audio_48.mp3	Duolinguo			primary word
भाई	the brother	noun				audio_49.mp3	Duolinguo			primary word
दिन	the day	noun				audio_50.mp3	Duolinguo			primary word
जाता	(he) goes	verb				audio_51.mp3	Duolinguo			word form
बेटा	the son	noun				audio_52.mp3	Duolinguo			primary word
स्कूल	the school	noun				audio_53.mp3	Duolinguo			primary word
बेटी	the daughter	noun				audio_54.mp3	Duolinguo			primary word
बहन	the sister	noun				audio_55.mp3	Duolinguo			primary word
बेटियाँ	the daughters	noun				audio_56.mp3	Duolinguo			word form
बहनें	the sisters	noun				audio_57.mp3	Duolinguo			word form
उनका	their	pronoun				audio_58.mp3	Duolinguo			primary word
आप	you (formal 2)	pronoun				audio_59.mp3	Duolinguo			primary word
पिता	the father	noun				audio_60.mp3	Duolinguo			primary word
माँ	the mother	noun				audio_61.mp3	Duolinguo			primary word
बच्चा	the child	noun				audio_62.mp3	Duolinguo			primary word
तुम्हारा	your (formal 1)	pronoun				audio_63.mp3	Duolinguo			primary word
रहता	(he) lives	verb				audio_64.mp3	Duolinguo			word form
आपका	your (formal 2)	pronoun				audio_65.mp3	Duolinguo			primary word
दादा	the grandfather	noun				audio_66.mp3	Duolinguo			primary word
दादी	the grandmother	noun				audio_67.mp3	Duolinguo			primary word
दोस्त	the friend	noun				audio_68.mp3	Duolinguo			primary word
अता	(he) comes	verb				audio_69.mp3	Duolinguo			word form
हमारा	ours	pronoun				audio_70.mp3	Duolinguo			primary word
नानी	the grandmother	noun				audio_71.mp3	Duolinguo			primary word
नाना	the grandfather	noun				audio_72.mp3	Duolinguo			primary word
अपना	my own	pronoun				audio_73.mp3	Duolinguo			primary word
साथ	with	preposition				audio_74.mp3	Duolinguo			primary word
बिल्ली	the cat	noun				audio_75.mp3	Duolinguo			primary word
काला	black	adjective				audio_76.mp3	Duolinguo			primary word
गाय	the cow	noun				audio_77.mp3	Duolinguo			primary word
छोटा	small	adjective				audio_78.mp3	Duolinguo			primary word
कुत्ता	the dog	noun				audio_79.mp3	Duolinguo			primary word
चूहा	the mouse	noun				audio_80.mp3	Duolinguo			primary word
गायें	the cows	noun				audio_81.mp3	Duolinguo			primary word
बिल्लियाँ	the cats	noun				audio_82.mp3	Duolinguo			primary word
दूध	the milk	noun				audio_83.mp3	Duolinguo			primary word
घास	the grass	noun				audio_84.mp3	Duolinguo			primary word
बड़ा	big	adjective				audio_85.mp3	Duolinguo			primary word
हाथी	the elephant	noun				audio_86.mp3	Duolinguo			primary word
होता	(he) is	verb				audio_87.mp3	Duolinguo			word form
जानवर	the animal	noun				audio_88.mp3	Duolinguo			primary word
घोड़ा	the horse	noun				audio_89.mp3	Duolinguo			primary word
पक्षी	the bird	noun				audio_90.mp3	Duolinguo			primary word
उड़ता	(he) flies	verb				audio_91.mp3	Duolinguo			word form
मोर	the peacock	noun				audio_92.mp3	Duolinguo			primary word
कबूतर	the pigeon	noun				audio_93.mp3	Duolinguo			primary word
सड़क	the road	noun				audio_94.mp3	Duolinguo			primary word
पर	on	preposition				audio_95.mp3	Duolinguo			primary word
दोड़ता	(he) runs	verb				audio_96.mp3	Duolinguo			word form
मेज़	the table	noun				audio_97.mp3	Duolinguo			primary word
चलता	(he) walks	verb				audio_98.mp3	Duolinguo			word form
बैठा	sitting	adjective				audio_99.mp3	Duolinguo			primary word
नदी	the river	noun				audio_100.mp3	Duolinguo			primary word
खड़ा	standing	adjective				audio_101.mp3	Duolinguo			primary word
कुर्सी	the chair	noun				audio_102.mp3	Duolinguo			primary word
तैरता	(he) swims	verb				audio_103.mp3	Duolinguo			word form
आज	today	adverb				audio_104.mp3	Duolinguo			primary word
खेलता	(he) plays	verb				audio_105.mp3	Duolinguo			word form
देखता	(he) sees	verb				audio_106.mp3	Duolinguo			word form
पास	nearby	adjective				audio_107.mp3	Duolinguo			primary word
करता	(he) does	verb				audio_108.mp3	Duolinguo			word form
काम	the work	noun				audio_109.mp3	Duolinguo			primary word
बुरा	bad	adjective				audio_110.mp3	Duolinguo			primary word
बहुत	very	adverb				audio_111.mp3	Duolinguo			primary word
अच्छा	good	adjective				audio_112.mp3	Duolinguo			primary word
कैसा	how	adjective				audio_113.mp3	Duolinguo			primary word
लंबा	tall	adjective				audio_114.mp3	Duolinguo			primary word
लोग	the people	noun				audio_115.mp3	Duolinguo			primary word
दुखी	sad	adjective				audio_116.mp3	Duolinguo			primary word
सुंदर	attractive	adjective				audio_117.mp3	Duolinguo			primary word
जवान	young	adjective				audio_118.mp3	Duolinguo			primary word
सफ़ेद	white	adjective				audio_119.mp3	Duolinguo			primary word
ख़ुश	happy	adjective				audio_120.mp3	Duolinguo			primary word
लाल	red	adjective				audio_121.mp3	Duolinguo			primary word
पीला	yellow	adjective				audio_122.mp3	Duolinguo			primary word
नीला	blue	adjective				audio_123.mp3	Duolinguo			primary word
बूड़ा	old	adjective				audio_124.mp3	Duolinguo			primary word
पतला	thin	adjective				audio_125.mp3	Duolinguo			primary word
हरा	green	adjective				audio_126.mp3	Duolinguo			primary word
मोटा	fat	adjective				audio_127.mp3	Duolinguo			primary word
फल	the fruit	noun				audio_128.mp3	Duolinguo			primary word
संतरा	the orange	noun				audio_129.mp3	Duolinguo			primary word
खाना	the food	noun				audio_130.mp3	Duolinguo			primary word
आलू	the potato	noun				audio_131.mp3	Duolinguo			primary word
शराब	the alcohol	noun				audio_132.mp3	Duolinguo			primary word
टमाटर	the tomato	noun				audio_133.mp3	Duolinguo			primary word
आम	the mango	noun				audio_134.mp3	Duolinguo			primary word
चावल	the rice	noun				audio_135.mp3	Duolinguo			primary word
चाहिए	wants	verb				audio_136.mp3	Duolinguo			primary word
तुझे	to you (informal)	pronoun				audio_137.mp3	Duolinguo			primary word
अंडा	the egg	noun				audio_138.mp3	Duolinguo			primary word
मुझे	to me	pronoun				audio_139.mp3	Duolinguo			primary word
नींबू	the lemon	noun				audio_140.mp3	Duolinguo			primary word
गाजर	the carrot	noun				audio_141.mp3	Duolinguo			primary word
सलाद	the salad	noun				audio_142.mp3	Duolinguo			primary word
पसंद	like	verb				audio_143.mp3	Duolinguo			primary word
मछली	the fish	noun				audio_144.mp3	Duolinguo			primary word
नाश्ता	the breakfast	noun				audio_145.mp3	Duolinguo			primary word
सब्ज़ी	the vegetable	noun				audio_146.mp3	Duolinguo			primary word
सब्ज़ियाँ	the vegetables	noun				audio_147.mp3	Duolinguo			primary word
उसे	to him, to her	pronoun				audio_148.mp3	Duolinguo			primary word
उन्हें	to them	pronoun				audio_149.mp3	Duolinguo			primary word
तुम्हें	to you (formal 1)	pronoun				audio_150.mp3	Duolinguo			primary word
ठंडा	cold	adjective				audio_151.mp3	Duolinguo			primary word
गरम	hot	adjective				audio_152.mp3	Duolinguo			primary word
देता	(he) gives	verb				audio_153.mp3	Duolinguo			word form
लेता	(he) takes	verb				audio_154.mp3	Duolinguo			word form
हमें	to us	pronoun				audio_155.mp3	Duolinguo			primary word
आपको	to you (formal 2)	pronoun				audio_156.mp3	Duolinguo			primary word
को	to (someone)	preposition				audio_157.mp3	Duolinguo			primary word
सात	with	preposition				audio_158.mp3	Duolinguo			primary word
आठ	eight	numeral				audio_159.mp3	Duolinguo			primary word
पाँच	five	numeral				audio_160.mp3	Duolinguo			primary word
छह	six	numeral				audio_161.mp3	Duolinguo			primary word
चार	four	numeral				audio_162.mp3	Duolinguo			primary word
सौ	hundred	numeral				audio_163.mp3	Duolinguo			primary word
हज़ार	thousand	numeral				audio_164.mp3	Duolinguo			primary word
दस	ten	numeral				audio_165.mp3	Duolinguo			primary word
नौ	nine	numeral				audio_166.mp3	Duolinguo			primary word
कई	many	adverb				audio_167.mp3	Duolinguo			primary word
कितना	how many	adverb				audio_168.mp3	Duolinguo			primary word
आधा	the half	noun				audio_169.mp3	Duolinguo			primary word
कुछ	some	adverb				audio_170.mp3	Duolinguo			primary word
चौथा	fourth	adjective				audio_171.mp3	Duolinguo			primary word
तीसरा	third	adjective				audio_172.mp3	Duolinguo			primary word
दूसरा	second	adjective				audio_173.mp3	Duolinguo			primary word
पहला	first	adjective				audio_174.mp3	Duolinguo			primary word
पाँचवा	fifth	adjective				audio_175.mp3	Duolinguo			primary word
पैसे	the money	noun				audio_176.mp3	Duolinguo			primary word
रुपया	the rupee	noun				audio_177.mp3	Duolinguo			primary word
थोड़ा	a little	adverb				audio_178.mp3	Duolinguo			primary word
क्यों	why	conjunction				audio_179.mp3	Duolinguo			primary word
या	or	conjunction				audio_180.mp3	Duolinguo			primary word
उस	that	pronoun				audio_181.mp3	Duolinguo			primary word
इस	this	pronoun				audio_182.mp3	Duolinguo			primary word
कमरा	the room	noun				audio_183.mp3	Duolinguo			primary word
गाड़ी	the car	noun				audio_184.mp3	Duolinguo			primary word
गाड़ियाँ	the cars	noun				audio_185.mp3	Duolinguo			primary word
बंद	closed	adjective				audio_186.mp3	Duolinguo			primary word
दरवाज़ा	the door	noun				audio_187.mp3	Duolinguo			primary word
खिड़की	the window	noun				audio_188.mp3	Duolinguo			primary word
किड़कियाँ	the windows	noun				audio_189.mp3	Duolinguo			primary word
खुला	open	adjective				audio_190.mp3	Duolinguo			primary word
बिस्तर	the bed	noun				audio_191.mp3	Duolinguo			primary word
ज़मीन	the floor	noun				audio_192.mp3	Duolinguo			primary word
नया	new	adjective				audio_193.mp3	Duolinguo			primary word
सोता	(he) sleeps	verb				audio_194.mp3	Duolinguo			word form
पुराना	old	adjective				audio_195.mp3	Duolinguo			primary word
दीवार	the wall	noun				audio_196.mp3	Duolinguo			primary word
मकान	the house	noun				audio_197.mp3	Duolinguo			primary word
सस्ता	cheap	adjective				audio_198.mp3	Duolinguo			primary word
महँगा	expensive	adjective				audio_199.mp3	Duolinguo			primary word
छत	the roof	noun				audio_200.mp3	Duolinguo			primary word
आओ	come!	verb				audio_201.mp3	Duolinguo			word form
पियो	drink!	verb				audio_202.mp3	Duolinguo			word form
मत	do not	other				audio_203.mp3	Duolinguo			primary word
जाओ	go!	verb				audio_204.mp3	Duolinguo			word form
खाओ	eat!	verb				audio_205.mp3	Duolinguo			word form
खेलो	play!	verb				audio_206.mp3	Duolinguo			word form
बताओ	tell!	verb				audio_207.mp3	Duolinguo			word form
पड़ो	read!	verb				audio_208.mp3	Duolinguo			word form
करो	do!	verb				audio_209.mp3	Duolinguo			word form
बैठो	sit!	verb				audio_210.mp3	Duolinguo			word form
लो	take!	verb				audio_211.mp3	Duolinguo			word form
बोलो	speak!	verb				audio_212.mp3	Duolinguo			word form
देखो	look!	verb				audio_213.mp3	Duolinguo			word form
मुझसे	from me	pronoun				audio_214.mp3	Duolinguo			primary word
उससे	from him, from her	pronoun				audio_215.mp3	Duolinguo			primary word
नाक	the nose	noun				audio_216.mp3	Duolinguo			primary word
हाथ	the hand	noun				audio_217.mp3	Duolinguo			primary word
कान	the ear	noun				audio_218.mp3	Duolinguo			primary word
पैर	the leg	noun				audio_219.mp3	Duolinguo			primary word
सिर	the head	noun				audio_220.mp3	Duolinguo			primary word
मुँह	the mouth	noun				audio_221.mp3	Duolinguo			primary word
बाल	the hair	noun				audio_222.mp3	Duolinguo			primary word
दर्द	the pain	noun				audio_223.mp3	Duolinguo			primary word
अंगूठा	the thumb	noun				audio_224.mp3	Duolinguo			primary word
हाथों	the hands	noun				audio_225.mp3	Duolinguo			word form
उँगली	the finger	noun				audio_226.mp3	Duolinguo			primary word
पैरों	the legs	noun				audio_227.mp3	Duolinguo			word form
अंगूठे	the thumbs	noun				audio_228.mp3	Duolinguo			word form
उँगलियाँ	the fingers	noun				audio_229.mp3	Duolinguo			word form
आँख	the eye	noun				audio_230.mp3	Duolinguo			primary word
दिल	the heart	noun				audio_231.mp3	Duolinguo			primary word
दांतों	the teeth	noun				audio_232.mp3	Duolinguo			primary word
दांत	the tooth	noun				audio_233.mp3	Duolinguo			primary word
रंग	the colour	noun				audio_234.mp3	Duolinguo			primary word
स्वस्थ	healthy	adjective				audio_235.mp3	Duolinguo			primary word
बीमार	sick	adjective				audio_236.mp3	Duolinguo			primary word
बुखार	the fever	noun				audio_237.mp3	Duolinguo			primary word
दवाई	the medicine	noun				audio_238.mp3	Duolinguo			primary word
शहर	the city	noun				audio_239.mp3	Duolinguo			primary word
वहाँ	there	adverb				audio_240.mp3	Duolinguo			primary word
गाँव	the village	noun				audio_241.mp3	Duolinguo			primary word
कौनसा	which	adjective				audio_242.mp3	Duolinguo			primary word
दिल्ली	Delhi	other				audio_243.mp3	Duolinguo			primary word
जगह	the place	noun				audio_244.mp3	Duolinguo			primary word
गली	the street	noun				audio_245.mp3	Duolinguo			primary word
यहाँ	here	adverb				audio_246.mp3	Duolinguo			primary word
कहाँ	where	adverb				audio_247.mp3	Duolinguo			primary word
दूर	far	adjective				audio_248.mp3	Duolinguo			primary word
ऊपर	up	adverb				audio_249.mp3	Duolinguo			primary word
आगे	ahead	adverb				audio_250.mp3	Duolinguo			primary word
पीछे	behind	adverb				audio_251.mp3	Duolinguo			primary word
अंदर	inside	adverb				audio_252.mp3	Duolinguo			primary word
बाहर	outside	adverb				audio_253.mp3	Duolinguo			primary word
ढाई	half past two	other				audio_254.mp3	Duolinguo			primary word
बजे	o'clock	other				audio_255.mp3	Duolinguo			primary word
डेढ़	half past one	other				audio_256.mp3	Duolinguo			primary word
समय	the time	noun				audio_257.mp3	Duolinguo			primary word
सड़े	half past	other				audio_258.mp3	Duolinguo			primary word
पौने	quarter to	other				audio_259.mp3	Duolinguo			primary word
सवा	quarter past	other				audio_260.mp3	Duolinguo			primary word
मिनट	the minute	noun				audio_261.mp3	Duolinguo			primary word
घंटा	the hour	noun				audio_262.mp3	Duolinguo			primary word
रात	the night	noun				audio_263.mp3	Duolinguo			primary word
जागता	(he) wakes up	verb				audio_264.mp3	Duolinguo			word form
सुबह	the morning	noun				audio_265.mp3	Duolinguo			primary word
शाम	the evening	noun				audio_266.mp3	Duolinguo			primary word
दोपहर	the afternoon	noun				audio_267.mp3	Duolinguo			primary word
कभी	sometime, ever	adverb				audio_268.mp3	Duolinguo			primary word
अब	now	adverb				audio_269.mp3	Duolinguo			primary word
कब	when	adverb				audio_270.mp3	Duolinguo			primary word
हमेशा	always	adverb				audio_271.mp3	Duolinguo			primary word
कभी कभी	sometimes	adverb				audio_272.mp3	Duolinguo			primary word
लिखता	(he) writes	verb				audio_273.mp3	Duolinguo			word form
कविता	the poem	noun				audio_274.mp3	Duolinguo			primary word
लेखक	the writer	noun				audio_275.mp3	Duolinguo			primary word
चिट्ठी	the letter	noun				audio_276.mp3	Duolinguo			primary word
कहानी	the story	noun				audio_277.mp3	Duolinguo			primary word
बेचता	(he) sells	verb				audio_278.mp3	Duolinguo			word form
दुकान	the shop	noun				audio_279.mp3	Duolinguo			primary word
ख़रीदता	(he) buys	verb				audio_280.mp3	Duolinguo			word form
पढ़ाता	(he) teaches	verb				audio_281.mp3	Duolinguo			word form
शिक्षक	the teacher	noun				audio_282.mp3	Duolinguo			primary word
सवाल	the question	noun				audio_283.mp3	Duolinguo			primary word
जवाब	the answer	noun				audio_284.mp3	Duolinguo			primary word
मुश्किल	difficult	adjective				audio_285.mp3	Duolinguo			primary word
पूछना	to ask	verb				audio_286.mp3	Duolinguo			primary word
आसान	easy	adjective				audio_287.mp3	Duolinguo			primary word
मेहनत	the hard work	noun				audio_288.mp3	Duolinguo			primary word
ग़लत	wrong	adjective				audio_289.mp3	Duolinguo			primary word
बनाता	(he) makes	verb				audio_290.mp3	Duolinguo			word form
अख़बार	the newspaper	noun				audio_291.mp3	Duolinguo			primary word
सही	correct	adjective				audio_292.mp3	Duolinguo			primary word
बेहतर	better	adjective				audio_293.mp3	Duolinguo			primary word
ज़्यादा	more	adverb				audio_294.mp3	Duolinguo			primary word
तुमसे	from you (formal 1)	pronoun				audio_295.mp3	Duolinguo			primary word
नाचता	(he) dances	verb				audio_296.mp3	Duolinguo			word form
गाता	(he) sings	verb				audio_297.mp3	Duolinguo			word form
तेज़	fast	adverb				audio_298.mp3	Duolinguo			primary word
धीरे	slow	adverb				audio_299.mp3	Duolinguo			primary word
कम	few	adjective				audio_300.mp3	Duolinguo			primary word
आपसे	from you (formal 2)	pronoun				audio_301.mp3	Duolinguo			primary word
उनसे	from them	pronoun				audio_302.mp3	Duolinguo			primary word
तुझसे	from you (informal)	pronoun				audio_303.mp3	Duolinguo			primary word
भी	too	adverb				audio_304.mp3	Duolinguo			primary word
आराम	the rest	noun				audio_305.mp3	Duolinguo			primary word
सबसे	the most	adjective				audio_306.mp3	Duolinguo			primary word
जायेगा	(he) will go	verb				audio_307.mp3	Duolinguo			word form
कल	tomorrow, yesterday	adverb				audio_308.mp3	Duolinguo			primary word
आयेगा	(he) will come	verb				audio_309.mp3	Duolinguo			word form
परसों	the day after tomorrow	adverb				audio_310.mp3	Duolinguo			primary word
जाऊँगा	(I) will go	verb				audio_311.mp3	Duolinguo			word form
जाओगे	(you, formal 2) will go	verb				audio_312.mp3	Duolinguo			word form
जायेंगे	(we) will go	verb				audio_313.mp3	Duolinguo			word form
आयेंगे	(we) will come	verb				audio_314.mp3	Duolinguo			word form
खाऊँगा	(I) will eat	verb				audio_315.mp3	Duolinguo			word form
पिऊँगा	(I) will drink	verb				audio_316.mp3	Duolinguo			word form
बाद	later	adverb				audio_317.mp3	Duolinguo			primary word
करूँगा	(I) will do	verb				audio_318.mp3	Duolinguo			word form
करेगा	(he) will do	verb				audio_319.mp3	Duolinguo			word form
पढ़ेगा	(he) will study	verb				audio_320.mp3	Duolinguo			word form
पढ़ूँगा	(I) will study	verb				audio_321.mp3	Duolinguo			word form
देखूँगा	(I) will see	verb				audio_322.mp3	Duolinguo			word form
सोऊँगा	(I) will sleep	verb				audio_323.mp3	Duolinguo			word form
खेलेगा	(he) will play	verb				audio_324.mp3	Duolinguo			word form
दूँगा	(I) will give	verb				audio_325.mp3	Duolinguo			word form
लूँगा	(I) will take	verb				audio_326.mp3	Duolinguo			word form
देगा	(he) will give	verb				audio_327.mp3	Duolinguo			word form
लेगा	(he) will take	verb				audio_328.mp3	Duolinguo			word form
फरवरी	February	other				audio_329.mp3	Duolinguo			primary word
महीना	the month	noun				audio_330.mp3	Duolinguo			primary word
साल	the year	noun				audio_331.mp3	Duolinguo			primary word
जनवरी	January	other				audio_332.mp3	Duolinguo			primary word
मार्च	May	other				audio_333.mp3	Duolinguo			primary word
मंगलवार	Tuesday	other				audio_334.mp3	Duolinguo			primary word
बुधवार	Wednesday	other				audio_335.mp3	Duolinguo			primary word
हफ़्ता	the week	noun				audio_336.mp3	Duolinguo			primary word
गुरुवार	Thursday	other				audio_337.mp3	Duolinguo			primary word
अप्रैल	April	other				audio_338.mp3	Duolinguo			primary word
सोमवार	Monday	other				audio_339.mp3	Duolinguo			primary word
मई	May	other				audio_340.mp3	Duolinguo			primary word
जून	June	other				audio_341.mp3	Duolinguo			primary word
जुलाई	July	other				audio_342.mp3	Duolinguo			primary word
अगला	next	adjective				audio_343.mp3	Duolinguo			primary word
शनिवार	Saturday	other				audio_344.mp3	Duolinguo			primary word
शुक्रवार	Friday	other				audio_345.mp3	Duolinguo			primary word
सितंबर	September	other				audio_346.mp3	Duolinguo			primary word
अक्टूबर	October	other				audio_347.mp3	Duolinguo			primary word
नवंबर	November	other				audio_348.mp3	Duolinguo			primary word
रविवार	Sunday	other				audio_349.mp3	Duolinguo			primary word
दिसंबर	December	other				audio_350.mp3	Duolinguo			primary word
अगस्त	August	other				audio_351.mp3	Duolinguo			primary word
मौसम	the season	noun				audio_352.mp3	Duolinguo			primary word
गर्मी	the summer	noun				audio_353.mp3	Duolinguo			primary word
सर्दी	the winter	noun				audio_354.mp3	Duolinguo			primary word
ठंड	the cold	noun				audio_355.mp3	Duolinguo			primary word
लगती	(it) feels	verb				audio_356.mp3	Duolinguo			word form
छाता	the umbrella	noun				audio_357.mp3	Duolinguo			primary word
पहनता	(he) wears	verb				audio_358.mp3	Duolinguo			word form
जुराब	the sock	noun				audio_359.mp3	Duolinguo			primary word
जूता	the shoe	noun				audio_360.mp3	Duolinguo			primary word
कपड़े	the clothes	noun				audio_361.mp3	Duolinguo			primary word
पतलून	the pants	noun				audio_362.mp3	Duolinguo			primary word
क़मीज़	the shirt	noun				audio_363.mp3	Duolinguo			primary word
चची	the aunt	noun				audio_364.mp3	Duolinguo			primary word
चाचा	the uncle	noun				audio_365.mp3	Duolinguo			primary word
भाई-बहन	the siblings	noun				audio_366.mp3	Duolinguo			primary word
परिवार	the family	noun				audio_367.mp3	Duolinguo			primary word
माता-पिता	the parents	noun				audio_368.mp3	Duolinguo			primary word
प्यार	the love	noun				audio_369.mp3	Duolinguo			primary word
मामा	the uncle	noun				audio_370.mp3	Duolinguo			primary word
मामी	the aunt	noun				audio_371.mp3	Duolinguo			primary word
पत्नी	the wife	noun				audio_372.mp3	Duolinguo			primary word
पति	the husband	noun				audio_373.mp3	Duolinguo			primary word
मौसा	the uncle	noun				audio_374.mp3	Duolinguo			primary word
रिश्ता	the relation	noun				audio_375.mp3	Duolinguo			primary word
मौसी	the aunt	noun				audio_376.mp3	Duolinguo			primary word
रिश्तेदार	the relative	noun				audio_377.mp3	Duolinguo			primary word
फूफा	the uncle	noun				audio_378.mp3	Duolinguo			primary word
पड़ोसी	the neighbor	noun				audio_379.mp3	Duolinguo			primary word
बुआ	the aunt	noun				audio_380.mp3	Duolinguo			primary word
नमकीन	salty	adjective				audio_381.mp3	Duolinguo			primary word
चीनी	the sugar	noun				audio_382.mp3	Duolinguo			primary word
तेल	the oil	noun				audio_383.mp3	Duolinguo			primary word
नामक	the salt	noun				audio_384.mp3	Duolinguo			primary word
मीठा	sweet	adjective				audio_385.mp3	Duolinguo			primary word
गिलास	the glass	noun				audio_386.mp3	Duolinguo			primary word
चाकू	the knife	noun				audio_387.mp3	Duolinguo			primary word
बोतल	the bottle	noun				audio_388.mp3	Duolinguo			primary word
चम्मच	the spoon	noun				audio_389.mp3	Duolinguo			primary word
शाकाहारी	the relative	noun				audio_390.mp3	Duolinguo			primary word
प्यासा	thirsty	adjective				audio_391.mp3	Duolinguo			primary word
भूखा	hungry	adjective				audio_392.mp3	Duolinguo			primary word
माँसाहारी	non-vegeterian	adjective				audio_393.mp3	Duolinguo			primary word
थीं	(they, female) were	verb				audio_394.mp3	Duolinguo			word form
थी	(she) was	verb				audio_395.mp3	Duolinguo			word form
थे	(they, male) were	verb				audio_396.mp3	Duolinguo			word form
था	(he) was	verb				audio_397.mp3	Duolinguo			word form
पहले	earlier	adverb				audio_398.mp3	Duolinguo			primary word
पौधा	the plant	noun				audio_399.mp3	Duolinguo			primary word
पत्ता	the leaf	noun				audio_400.mp3	Duolinguo			primary word
ख़ुशबू	the fragrance	noun				audio_401.mp3	Duolinguo			primary word
पेड़	the tree	noun				audio_402.mp3	Duolinguo			primary word
फूल	the flower	noun				audio_403.mp3	Duolinguo			primary word
सूरज	the sun	noun				audio_404.mp3	Duolinguo			primary word
चाँद	the moon	noun				audio_405.mp3	Duolinguo			primary word
तारा	the star	noun				audio_406.mp3	Duolinguo			primary word
आसमान	the sky	noun				audio_407.mp3	Duolinguo			primary word
आग	the fire	noun				audio_408.mp3	Duolinguo			primary word
तालाब	the pond	noun				audio_409.mp3	Duolinguo			primary word
बादल	the cloud	noun				audio_410.mp3	Duolinguo			primary word
हवा	the wind, the air	noun				audio_411.mp3	Duolinguo			primary word
रोता	(he) cries	verb				audio_412.mp3	Duolinguo			word form
बात	the matter	noun				audio_413.mp3	Duolinguo			primary word
बात करना	to talk, to discuss matters	verb				audio_414.mp3	Duolinguo			primary word
हँसता	(he) laughs	verb				audio_415.mp3	Duolinguo			word form
सुनता	(he) listens	verb				audio_416.mp3	Duolinguo			word form
कि	that	conjunction				audio_417.mp3	Duolinguo			primary word
कहता	(he) says	verb				audio_418.mp3	Duolinguo			word form
बोलता	(he) speaks	verb				audio_419.mp3	Duolinguo			word form
कोई	someone	pronoun				audio_420.mp3	Duolinguo			primary word
हिन्दी	Hindi	other				audio_421.mp3	Duolinguo			primary word
अंग्रेज़ी	English	other				audio_422.mp3	Duolinguo			primary word
दोनों	both	adjective				audio_423.mp3	Duolinguo			primary word
गाना	the song	noun				audio_424.mp3	Duolinguo			primary word
किस	who	pronoun				audio_425.mp3	Duolinguo			primary word
सब	everyone	pronoun				audio_426.mp3	Duolinguo			primary word
जानता	(he) knows	verb				audio_427.mp3	Duolinguo			word form
इसलिये	so	conjunction				audio_428.mp3	Duolinguo			primary word
लेकिन	but	conjunction				audio_429.mp3	Duolinguo			primary word
क्योंकि	because	conjunction				audio_430.mp3	Duolinguo			primary word
शायद	maybe	adverb				audio_431.mp3	Duolinguo			primary word
तो	then	conjunction				audio_432.mp3	Duolinguo			primary word
अगर	if	conjunction				audio_433.mp3	Duolinguo			primary word
किसी	anybody	pronoun				audio_434.mp3	Duolinguo			primary word
जाना	to go	verb				audio_435.mp3	Duolinguo			primary word
आना	to come	verb				audio_436.mp3	Duolinguo			primary word
मिलना	to meet	verb				audio_437.mp3	Duolinguo			primary word
खेलना	to play	verb				audio_438.mp3	Duolinguo			primary word
सोना	to sleep	verb				audio_439.mp3	Duolinguo			primary word
करना	to do	verb				audio_440.mp3	Duolinguo			primary word
पीना	to drink	verb				audio_441.mp3	Duolinguo			primary word
पढ़ना	to study	verb				audio_442.mp3	Duolinguo			primary word
चाहता	(he) wants	verb				audio_443.mp3	Duolinguo			word form
सकता	(he) can	verb				audio_444.mp3	Duolinguo			word form
आया	(he) went	verb				audio_445.mp3	Duolinguo			word form
गया	(he) came	verb				audio_446.mp3	Duolinguo			word form
ने	past tense marker	other				audio_447.mp3	Duolinguo			primary word
पिया	(he) drank	verb				audio_448.mp3	Duolinguo			word form
खाया	(he) ate	verb				audio_449.mp3	Duolinguo			word form
लिखा	(he) wrote	verb				audio_450.mp3	Duolinguo			word form
खेला	(he) played	verb				audio_451.mp3	Duolinguo			word form
पढ़ा	(he) studied	verb				audio_452.mp3	Duolinguo			word form
देखा	(he) looked	verb				audio_453.mp3	Duolinguo			word form